[
  {
    "id": 1,
    "proImg": "/product/product-thumb1.png",
    "proImg2": "/product/product-thumb1-1.png",
    "title": "Yellow Rocks Umbrealla",
    "slug": "Yellow-Rocks-Umbrealla",
    "price": "340.00",
    "delPrice": "380.00",
    "category":"Safety Guard",
    "stock": "In Stock",
    "size":"small",
    "brand":"Squarely",
    "badge1": "sale",
    "badgeClass":"new",
    "badge2": "trending",
    "badgeClass2":"trending",
    "badge3": "New Product",
    "badgeClass3":"red"

  },
  {
    "id": 2,
    "proImg": "/product/product-thumb2.png",
    "proImg2": "/product/product-thumb2-2.png",
    "title": "Hand Gloves",
    "slug": "Hand-Gloves",
    "price": "65.00",
    "delPrice": "85.00",
    "category":"Pharmacy",
    "stock": "In Stock",
    "size":"large",
    "brand":"Pharma",
    "badge1": "-15%",
    "badgeClass":"discount"
  },
  {
    "id": 3,
    "proImg": "/product/product-thumb3.png",
    "proImg2": "/product/product-thumb3-3.png",
    "title": "Yellow Bag",
    "slug": "Yellow-Bag",
    "price": "285.00",
    "delPrice": "300.00",
    "category":"Medkits",
    "stock": "Stock Out",
    "size":"mediaum",
    "brand":"Squarely",
    "badge2": "trending",
    "badgeClass2":"trending"
  },
  {
    "id": 4,
    "proImg": "/product/product-thumb4.png",
    "proImg2": "/product/product-thumb4-4.png",
    "title": "Smart watch",
    "slug": "smart-watch",
    "category":"Surgical Mask",
    "stock": "In Stock",
    "price": "176.00",
    "brand":"Squarely",
    "badge1": "Hot",
    "delPrice": "178.00",
    "size":"lerge"
  },
  {
    "id": 5,
    "proImg": "/product/product-thumb5.png",
    "proImg2": "/product/product-thumb5-5.png",
    "title": "Black Bag",
    "slug": "Black-Bag",
    "price": "125.00",
    "delPrice": "130.00",
    "category":"Medkits",
    "stock": "In Stock",
    "size":"large",
    "brand":"Squarely",
    "badge1": "sale",
    "badgeClass2":"trending"
  },
  {
    "id": 6,
    "proImg": "/product/product-thumb6.png",
    "proImg2": "/product/product-thumb6-6.png",
    "title": "Small Black Bag",
    "slug": "Small-Black-Bag",
    "price": "548.00",
    "delPrice": "600.00",
    "category":"Safety Guard",
    "stock": "Stock Out",
    "brand":"Pharma",
    "size":"small",
    "badge1": "Hot",
    "badgeClass3":"red"
  },
  {
    "id": 7,
    "proImg": "/product/product-thumb7.png",
    "proImg2": "/product/product-thumb7-7.png",
    "title": "Orange Luggage",
    "slug": "Orange-Luggage",
    "price": "255.00",
    "delPrice": "260.00",
    "category":"Safety Guard",
    "stock": "Stock Out",
    "size":"small",
    "badge1": "New Product",
    "badgeClass":"trending"
  },
  {
    "id": 8,
    "proImg": "/product/product-thumb8.png",
    "proImg2": "/product/product-thumb8-8.png",
    "title": "Surgical Gloves",
    "slug": "Surgical-Gloves",
    "price": "52.00",
    "delPrice": "45.00",
    "category":"Medkits",
    "stock": "In Stock",
    "brand":"Pharma",
    "size":"small"
  },
  {
    "id": 9,
    "proImg": "/product/product-thumb9.png",
    "proImg2": "/product/product-thumb9-9.png",
    "title": "Doctor Stethoscope",
    "slug": "Doctor-Stethoscope",
    "price": "388.00",
    "delPrice": "600.00",
    "category":"Safety Guard",
    "stock": "Stock Out",
    "brand":"Pharma",
    "size":"small",
    "badge3": "New Product",
    "badgeClass3":"red"
  },
  {
    "id": 10,
    "proImg": "/product/product-thumb10.png",
    "proImg2": "/product/product-thumb10-10.png",
    "title": "White Drone",
    "slug": "White-Drone",
    "price": "255.00",
    "delPrice": "260.00",
    "category":"Safety Guard",
    "stock": "Stock Out",
    "size":"small",
    "badge1": "New Product",
    "badgeClass":"trending"
  },
  {
    "id": 11,
    "proImg": "/product/product-thumb11.png",
    "proImg2": "/product/product-thumb11-11.png",
    "title": "nice iPad",
    "slug": "nice-iPad",
    "price": "352.00",
    "delPrice": "45.00",
    "category":"Medkits",
    "stock": "In Stock",
    "brand":"Pharma",
    "size":"small"
  },
  {
    "id": 12,
    "proImg": "/product/product-thumb12.png",
    "proImg2": "/product/product-thumb12-12.png",
    "title": "Blue Gloves",
    "slug": "Blue-Gloves",
    "price": "52.00",
    "delPrice": "45.00",
    "category":"Medkits",
    "stock": "In Stock",
    "brand":"Pharma",
    "size":"small"
  }
]
